Data_Center,City,Region,Launch_Year,Compute_Power_MW,GPU_Capacity_TFLOPS,AI_Workload_Share_%,Agentic_Integration_Score,Redundancy_Tier,Energy_Source,Resilience_Index,Company,Facility_Type,Power_Efficiency_Score,AI_Readiness_Score,Years_Until_Launch,Is_Operational,Redundancy_Tier_Numeric,Infrastructure_Risk_Score,Digital_Exposure_Score
Nvidia Orbital Node,Fort Worth,North TX,2020,643,6732.61,66,17,Tier III,Solar,5,Nvidia Orbital,Orbital Node,10.47,41.5,-5,TRUE,3,40.2,119.3
Raytheon AI Core,Arlington,North TX,2022,472.3,6253.45,51,72,Tier IV,Hybrid,1,Raytheon AI,AI Core,13.24,61.5,-3,TRUE,4,109.7,101.4
IBM Fusion Cluster,Dallas,North TX,2022,830.4,5574.28,83,70,Tier I,Solar,4,IBM Fusion,Fusion Cluster,6.71,76.5,-3,TRUE,1,85.1,122.2
Nvidia AI Core,Abilene,West TX,2023,1070.9,3325.7,54,76,Tier IV,Solar,4,Nvidia AI,AI Core,3.11,65,-2,TRUE,4,48.8,103
Google AI Core,College Station,Central TX,2024,215.4,1957.18,73,24,Tier IV,Solar,3,Google AI,AI Core,9.09,48.5,-1,TRUE,4,63.1,52.2
AWS Quantum Facility,Austin,Central TX,2024,706.7,4412.52,82,50,Tier III,Hybrid,2,AWS Quantum,Quantum Facility,6.24,66,-1,TRUE,3,95.4,104.1
Nvidia Quantum Facility,El Paso,West TX,2025,736.4,6358.41,49,33,Tier IV,Solar,4,Nvidia Quantum,Quantum Facility,8.63,41,0,TRUE,4,50.3,115.1
AWS Quantum Facility,Frisco,North TX,2025,795.1,1820.5,44,63,Tier I,Solar,4,AWS Quantum,Quantum Facility,2.29,53.5,0,TRUE,1,96.8,71.2
Dell Quantum Facility,Abilene,West TX,2025,583.7,5025.95,74,66,Tier I,Grid,4,Dell Quantum,Quantum Facility,8.61,70,0,TRUE,1,87.8,101.6
SpaceX Compute Hub,Corpus Christi,South TX,2025,491.1,6745.75,92,50,Tier III,Hybrid,1,SpaceX Compute,Compute Hub,13.74,71,0,TRUE,3,112.4,119.6
Raytheon Orbital Node,Austin,Central TX,2025,583.1,6598.94,92,17,Tier IV,Grid,3,Raytheon Orbital,Orbital Node,11.32,54.5,0,TRUE,4,57.4,122.7
AWS Fusion Cluster,Austin,Central TX,2025,263,6407.11,41,33,Tier II,Hybrid,2,AWS Fusion,Fusion Cluster,24.36,37,0,TRUE,2,122.7,89.5
Intel Orbital Node,Houston,South TX,2025,571.1,5536.92,64,75,Tier IV,Solar,2,Intel Orbital,Orbital Node,9.7,69.5,0,TRUE,4,85.8,103.1
SpaceX AI Core,McKinney,North TX,2026,948.9,1675.67,95,68,Tier II,Grid,1,SpaceX AI,AI Core,1.77,81.5,1,FALSE,2,126.5,92.7
AT&T AI Core,Austin,Central TX,2026,1150.9,5670.39,62,53,Tier III,Hybrid,3,AT&T AI,AI Core,4.93,57.5,1,FALSE,3,81.4,132.8
AT&T Fusion Cluster,Midland,West TX,2026,629.1,5854.56,95,42,Tier I,Grid,5,AT&T Fusion,Fusion Cluster,9.31,68.5,1,FALSE,1,61.5,118.5
AWS AI Core,Waco,Central TX,2026,498.5,5280.46,67,57,Tier IV,Solar,4,AWS AI,AI Core,10.59,62,1,FALSE,4,44.9,97.8
Raytheon Fusion Cluster,Irving,North TX,2026,737,4177.85,89,61,Tier II,Grid,5,Raytheon Fusion,Fusion Cluster,5.67,75,1,FALSE,2,48.3,105.3
Qatar Data Valley Core,Doha,Qatar,2026,2000,19000,66,48,Tier III,Solar / Gas Hybrid,3,QDC (Qatar Data Cloud),Regional Hub,9.3,82.5,1,FALSE,3,68.9,59.2
Lockheed Martin AI Core,Corpus Christi,South TX,2027,629,2751.68,82,30,Tier II,Hybrid,1,Lockheed Martin,AI Core,4.37,56,2,FALSE,2,130.4,83.6
IBM Cloud Zone,Midland,West TX,2027,848.8,4121.14,94,11,Tier I,Solar,3,IBM Cloud,Cloud Zone,4.86,52.5,2,FALSE,1,101.8,111.9
Intel Cloud Zone,Dallas,North TX,2027,292,7033.14,83,29,Tier I,Hybrid,1,Intel Cloud,Cloud Zone,24.09,56,2,FALSE,1,145.1,109.8
Dell Quantum Facility,Plano,North TX,2027,641.8,3787.88,44,53,Tier IV,Solar,4,Dell Quantum,Quantum Facility,5.9,48.5,2,FALSE,4,51.8,83.2
Nvidia Compute Hub,Odessa,West TX,2027,505.5,5421.8,78,41,Tier II,Solar,1,Nvidia Compute,Compute Hub,10.73,59.5,2,FALSE,2,131.6,102.9
UAE Quantum Cloud Node,Abu Dhabi,UAE,2027,3000,28000,68,51,Tier IV,Hybrid / Solar,4,G42 Quantum,National Node,8.6,84,2,FALSE,4,70.1,60.3
Blue Origin Compute Hub,College Station,Central TX,2028,209.5,2015.79,75,19,Tier IV,Hybrid,4,Blue Origin,Compute Hub,9.62,47,3,FALSE,4,42.5,53.1
Lockheed Martin Cloud Zone,Frisco,North TX,2028,868,1750.85,73,75,Tier IV,Solar,2,Lockheed Martin,Cloud Zone,2.02,74,3,FALSE,4,83.1,82.8
Intel Quantum Facility,Dallas,North TX,2028,519,2445.71,94,23,Tier III,Grid,5,Intel Quantum,Quantum Facility,4.71,58.5,3,FALSE,3,31.8,78.6
Saudi Vision 2030 AI Grid,NEOM,Saudi Arabia,2028,5000,48000,70,55,Tier IV,Hybrid,4,NEOM Compute Authority,Mega Hub,9.1,88,3,FALSE,4,78.5,65.4
Blue Origin Data Grid,College Station,Central TX,2029,348.6,6118.02,55,53,Tier IV,Hybrid,2,Blue Origin,Data Grid,17.55,54,4,FALSE,4,88.5,95.1
Blue Origin Data Grid,Dallas,North TX,2030,657.3,6727,42,32,Tier II,Solar,2,Blue Origin,Data Grid,10.23,37,5,FALSE,2,122.4,112.7
Tesla Compute Hub,Odessa,West TX,2030,1165,1879.67,69,20,Tier I,Grid,4,Tesla Compute,Compute Hub,1.61,44.5,5,FALSE,1,89.3,97.7
Intel Quantum Facility,Abilene,West TX,2030,702.9,6385.47,75,35,Tier IV,Solar,4,Intel Quantum,Quantum Facility,9.08,55,5,FALSE,4,42.5,121.5
